Title,Budget
The Shawshank Redemption,['25000000']
The Godfather,['6000000']
The Dark Knight,['185000000' '0']
The Dark Knight,['185000000' '0']
The Godfather: Part II,['13000000']
12 Angry Men,['350000' '0']
12 Angry Men,['350000' '0']
The Lord of the Rings: The Return of the King,['94000000']
Pulp Fiction,['8000000']
Schindler's List,['22000000']
Inception,['160000000']
Fight Club,['63000000']
The Lord of the Rings: The Fellowship of the Ring,['93000000']
Forrest Gump,['55000000']
"Il buono, il brutto, il cattivo",['1200000']
The Lord of the Rings: The Two Towers,['79000000']
The Matrix,['63000000']
One Flew Over the Cuckoo's Nest,['3000000']
Hamilton,['0']
Interstellar,['165000000']
Cidade de Deus,['3300000']
Saving Private Ryan,['70000000']
The Green Mile,['60000000']
La vita � bella,['20000000']
Se7en,['33000000']
The Silence of the Lambs,['19000000']
Star Wars,['11000000']
It's a Wonderful Life,['3180000']
Joker,['0']
Whiplash,['3300000' '0' '0']
Whiplash,['3300000' '0' '0']
Whiplash,['3300000' '0' '0']
The Prestige,['40000000']
The Departed,['90000000']
The Pianist,['35000000']
Gladiator,['103000000']
American History X,['20000000']
The Usual Suspects,['6000000']
L�on,['16000000']
The Lion King,['45000000']
Terminator 2: Judgment Day,['100000000']
Nuovo Cinema Paradiso,['0']
Back to the Future,['19000000']
Psycho,['806948' '60000000']
Psycho,['806948' '60000000']
Casablanca,['878000']
Modern Times,['1']
City Lights,['1500000']
Coco,['0']
Django Unchained,['100000000']
The Dark Knight Rises,['250000000']
3 Idiots,['9000000']
Taare Zameen Par,['2600000']
WALL�E,['180000000']
Memento,['9000000']
Once Upon a Time in America,['30000000']
Raiders of the Lost Ark,['18000000']
The Shining,['19000000']
Apocalypse Now,['31500000']
Alien,['11000000']
Dr. Strangelove or: How I Learned to Stop Worrying and Love the Bomb,['1800000']
Witness for the Prosecution,['3000000']
Paths of Glory,['935000']
Rear Window,['1000000' '0']
Rear Window,['1000000' '0']
The Great Dictator,['2000000']
Drishyam,['0']
Jagten,['3800000']
Incendies,['6800000']
Inglourious Basterds,['70000000']
Eternal Sunshine of the Spotless Mind,['20000000']
Snatch,['10000000']
Requiem for a Dream,['4500000']
American Beauty,['15000000']
Good Will Hunting,['10000000']
Toy Story,['30000000']
Braveheart,['72000000']
Reservoir Dogs,['1200000']
Full Metal Jacket,['17000000']
Aliens,['18500000']
Amadeus,['18000000']
Scarface,['25000000' '0']
Scarface,['25000000' '0']
Das Boot,['14000000']
Taxi Driver,['1300000']
The Sting,['5500000']
A Clockwork Orange,['2200000']
2001: A Space Odyssey,['10500000']
Per qualche dollaro in pi�,['600000']
Lawrence of Arabia,['15000000']
The Apartment,['3000000']
North by Northwest,['4000000']
Vertigo,['2479000']
Singin' in the Rain,['2540800']
Ladri di biciclette,['133000']
Double Indemnity,['927262' '0']
Double Indemnity,['927262' '0']
Citizen Kane,['839727']
Metropolis,['92620000' '14500000']
Metropolis,['92620000' '14500000']
The Kid,['250000' '65000000']
The Kid,['250000' '65000000']
Talvar,['0']
Baahubali 2: The Conclusion,['18000000']
Drishyam,['0']
Queen,['0']
Mandariinid,['0']
Bhaag Milkha Bhaag,['4600000']
Udaan,['0']
Paan Singh Tomar,['0']
El secreto de sus ojos,['2000000']
Warrior,['25000000']
Shutter Island,['80000000']
Up,['175000000']
The Wolf of Wall Street,['100000000']
Chak De! India,['0']
There Will Be Blood,['25000000']
Toy Story 3,['200000000']
V for Vendetta,['54000000']
Rang De Basanti,['2200000']
Black,['0' '1200000']
Black,['0' '1200000']
Batman Begins,['150000000']
Der Untergang,['18339750']
A Beautiful Mind,['60000000']
Hera Pheri,['0']
"Lock, Stock and Two Smoking Barrels",['1350000']
L.A. Confidential,['35000000']
Heat,['60000000' '0' '0']
Heat,['60000000' '0' '0']
Heat,['60000000' '0' '0']
Casino,['52000000']
Andaz Apna Apna,['0']
Unforgiven,['14000000']
Indiana Jones and the Last Crusade,['48000000']
Die Hard,['28000000']
Raging Bull,['18000000']
Stalker,['0']
H�stsonaten,['0']
The Message,['0']
Monty Python and the Holy Grail,['400000']
The Great Escape,['4000000']
To Kill a Mockingbird,['2000000']
Judgment at Nuremberg,['3000000']
Some Like It Hot,['2883848']
Smultronst�llet,['0']
Det sjunde inseglet,['0']
Du rififi chez les hommes,['0']
Dial M for Murder,['1400000']
All About Eve,['1400000']
The Treasure of the Sierra Madre,['3800000']
To Be or Not to Be,['0' '0']
To Be or Not to Be,['0' '0']
The Gold Rush,['923000']
Pink,['75000000']
Contratiempo,['4000000']
Mommy,['4900000' '0']
Mommy,['4900000' '0']
Haider,['0']
Logan,['135000' '97000000']
Logan,['135000' '97000000']
Room,['6000000' '0']
Room,['6000000' '0']
Relatos salvajes,['0']
PK,['13000000']
OMG: Oh My God!,['0']
The Grand Budapest Hotel,['30000000']
Gone Girl,['61000000']
Hacksaw Ridge,['40000000']
Inside Out,['0' '175000000' '0']
Inside Out,['0' '175000000' '0']
Inside Out,['0' '175000000' '0']
Barfi!,['4437508']
12 Years a Slave,['20000000']
Rush,['0' '38000000']
Rush,['0' '38000000']
Spotlight,['20000000']
Song of the Sea,['0']
Kahaani,['1200000']
Zindagi Na Milegi Dobara,['0']
Prisoners,['46000000']
Mad Max: Fury Road,['150000000']
Gran Torino,['33000000']
Harry Potter and the Deathly Hallows: Part 2,['125000000']
Hachi: A Dog's Tale,['16000000']
Mary and Max,['590235']
How to Train Your Dragon,['165000000']
Into the Wild,['15000000']
No Country for Old Men,['25000000']
Lage Raho Munna Bhai,['0']
Million Dollar Baby,['30000000']
Hotel Rwanda,['17500000']
Before Sunset,['2700000']
Munna Bhai M.B.B.S.,['0']
Dil Chahta Hai,['2079000']
Kill Bill: Vol. 1,['30000000']
Finding Nemo,['94000000']
Catch Me If You Can,['52000000' '0']
Catch Me If You Can,['52000000' '0']
Amores perros,['2000000']
"Monsters, Inc.",['115000000']
The Sixth Sense,['40000000']
La leggenda del pianista sull'oceano,['9000000']
The Truman Show,['60000000']
The Big Lebowski,['15000000']
Trainspotting,['4000000']
Fargo,['7000000']
Underground,['0' '0']
Underground,['0' '0']
Dilwale Dulhania Le Jayenge,['13200000']
Before Sunrise,['2500000']
Jurassic Park,['63000000']
In the Name of the Father,['13000000']
Dead Poets Society,['16400000']
Stand by Me,['8000000']
Platoon,['6000000']
"Paris, Texas",['1746964']
The Thing,['15000000' '35000000']
The Thing,['15000000' '35000000']
Pink Floyd: The Wall,['12000000']
Fitzcarraldo,['7362000']
Fanny och Alexander,['0']
Blade Runner,['28000000']
The Elephant Man,['5000000' '0']
The Elephant Man,['5000000' '0']
Life of Brian,['4000000']
The Deer Hunter,['15000000']
Rocky,['1000000']
Network,['3800000']
Barry Lyndon,['11000000']
Chinatown,['6000000']
Paper Moon,['0']
Viskningar och rop,['0']
Solaris,['47000000']
Cool Hand Luke,['3000000']
Persona,['0']
La battaglia di Algeri,['800000']
El �ngel exterminador,['0']
What Ever Happened to Baby Jane?,['980000']
The Man Who Shot Liberty Valance,['3200000']
Jungfruk�llan,['0']
Inherit the Wind,['0' '0']
Inherit the Wind,['0' '0']
Ben-Hur,['15000000' '100000000']
Ben-Hur,['15000000' '100000000']
Le notti di Cabiria,['0']
The Bridge on the River Kwai,['3000000']
On the Waterfront,['910000']
Le salaire de la peur,['0']
Ace in the Hole,['1821052']
White Heat,['0']
The Third Man,['0']
The Red Shoes,['500000']
The Shop Around the Corner,['0']
Rebecca,['1288000']
Mr. Smith Goes to Washington,['1500000']
Gone with the Wind,['4000000']
La Grande Illusion,['0']
It Happened One Night,['325000']
La passion de Jeanne d'Arc,['0']
The Circus,['9000000']
Sunrise: A Song of Two Humans,['0']
The General,['0' '750000']
The General,['0' '750000']
Das Cabinet des Dr. Caligari,['18000']
Airlift,['4500000']
Bajrangi Bhaijaan,['14000000']
Baby,['0']
La La Land,['30000000']
Lion,['12000000']
The Martian,['108000000']
Zootopia,['150000000']
Short Term 12,['0']
The Imitation Game,['14000000']
Guardians of the Galaxy,['170000000']
Her,['23000000']
The Revenant,['0' '135000000']
The Revenant,['0' '135000000']
The Perks of Being a Wallflower,['13000000']
The King's Speech,['15000000']
The Help,['25000000']
Deadpool,['58000000']
Dev.D,['0']
My Name Is Khan,['12000000']
Slumdog Millionaire,['15000000']
Black Swan,['13000000']
Tropa de Elite,['4000000']
The Avengers,['60000000' '220000000']
The Avengers,['60000000' '220000000']
Persepolis,['7300000']
Dallas Buyers Club,['5000000']
The Pursuit of Happyness,['55000000']
Blood Diamond,['100000000']
The Bourne Ultimatum,['70000000']
Sin City,['40000000']
Le scaphandre et le papillon,['14000000']
G.O.R.A.,['0']
Ratatouille,['150000000']
Casino Royale,['12000000' '150000000']
Casino Royale,['12000000' '150000000']
Kill Bill: Vol. 2,['30000000']
Mar adentro,['12806000']
Cinderella Man,['88000000']
Pirates of the Caribbean: The Curse of the Black Pearl,['140000000']
Big Fish,['70000000']
The Incredibles,['92000000']
Dogville,['10000000']
Vizontele,['0']
Donnie Darko,['6000000']
Magnolia,['37000000']
Dancer in the Dark,['12800000']
The Straight Story,['10000000']
Festen,['1300000']
Central do Brasil,['2900000']
The Iron Giant,['70000000']
Knockin' on Heaven's Door,['0']
Sling Blade,['1000000']
Secrets & Lies,['4500000']
Twelve Monkeys,['29500000']
K�kaku Kid�tai,['0']
The Nightmare Before Christmas,['18000000']
Groundhog Day,['14600000']
Bound by Honor,['35000000']
Scent of a Woman,['31000000']
Aladdin,['28000000']
JFK,['40000000']
Beauty and the Beast,['25000000' '0' '0' '0' '160000000']
Beauty and the Beast,['25000000' '0' '0' '0' '160000000']
Beauty and the Beast,['25000000' '0' '0' '0' '160000000']
Beauty and the Beast,['25000000' '0' '0' '0' '160000000']
Beauty and the Beast,['25000000' '0' '0' '0' '160000000']
Dances with Wolves,['22000000']
Do the Right Thing,['6500000']
Rain Man,['25000000']
The Princess Bride,['16000000']
Der Himmel �ber Berlin,['2500000']
The Terminator,['6400000']
Gandhi,['22000000']
Being There,['0']
Annie Hall,['4000000']
Jaws,['7000000']
Dog Day Afternoon,['1800000']
Young Frankenstein,['2800000']
Papillon,['12000000']
The Exorcist,['8000000']
Sleuth,['0' '0']
Sleuth,['0' '0']
The Last Picture Show,['1300000']
Fiddler on the Roof,['9000000']
Il conformista,['750000']
Butch Cassidy and the Sundance Kid,['6000000']
Rosemary's Baby,['3200000' '0']
Rosemary's Baby,['3200000' '0']
Planet of the Apes,['5800000' '100000000']
Planet of the Apes,['5800000' '100000000']
The Graduate,['3000000']
Who's Afraid of Virginia Woolf?,['7500000']
The Sound of Music,['8200000']
Doctor Zhivago,['11000000']
Per un pugno di dollari,['200000']
8�,['0']
The Hustler,['2000000']
La dolce vita,['0']
Rio Bravo,['0']
Anatomy of a Murder,['0']
Touch of Evil,['829000']
Cat on a Hot Tin Roof,['3000000']
Sweet Smell of Success,['0']
The Killing,['320000']
The Night of the Hunter,['795000']
Les diaboliques,['0']
Stalag 17,['1661530']
Roman Holiday,['1500000']
A Streetcar Named Desire,['1800000' '0' '0']
A Streetcar Named Desire,['1800000' '0' '0']
A Streetcar Named Desire,['1800000' '0' '0']
In a Lonely Place,['0']
Kind Hearts and Coronets,['0']
Rope,['1500000']
Out of the Past,['0']
Brief Encounter,['0']
Laura,['1020000']
The Best Years of Our Lives,['2100000']
Arsenic and Old Lace,['1120175']
The Maltese Falcon,['375000' '0']
The Maltese Falcon,['375000' '0']
The Grapes of Wrath,['750000']
The Wizard of Oz,['2777000' '0']
The Wizard of Oz,['2777000' '0']
The Thin Man,['226408']
All Quiet on the Western Front,['1250000' '0']
All Quiet on the Western Front,['1250000' '0']
Call Me by Your Name,['4696772']
"I, Daniel Blake",['0']
Hunt for the Wilderpeople,['0']
Captain Fantastic,['5000000']
Sing Street,['4000000']
Thor: Ragnarok,['0']
Nightcrawler,['8500000']
Arrival,['47000000']
Before Midnight,['3000000']
X-Men: Days of Future Past,['250000000']
The Artist,['15000000']
Edge of Tomorrow,['178000000']
Amour,['8900000']
Un proph�te,['13000000']
Moon,['5000000']
L�t den r�tte komma in,['4000000']
District 9,['30000000']
The Wrestler,['6000000']
Jab We Met,['2300000']
Boyhood,['4000000']
Star Trek,['150000000']
In Bruges,['15000000']
The Man from Earth,['0']
Letters from Iwo Jima,['19000000']
The Fall,['0']
Life of Pi,['120000000']
Fantastic Mr. Fox,['40000000']
Iron Man,['140000000' '0' '0']
Iron Man,['140000000' '0' '0']
Iron Man,['140000000' '0' '0']
Shaun of the Dead,['4000000']
Gegen die Wand,['0']
Mystic River,['25000000']
Harry Potter and the Prisoner of Azkaban,['130000000']
Hable con ella,['9285469']
No Man's Land,['0' '1012153' '0' '0']
No Man's Land,['0' '1012153' '0' '0']
No Man's Land,['0' '1012153' '0' '0']
No Man's Land,['0' '1012153' '0' '0']
The Bourne Identity,['60000000' '0']
The Bourne Identity,['60000000' '0']
Children of Men,['76000000']
Almost Famous,['60000000']
Mulholland Dr.,['0']
Toy Story 2,['90000000']
Boogie Nights,['15000000']
Once Were Warriors,['0']
True Romance,['12500000']
Carlito's Way,['30000000']
Edward Scissorhands,['20000000']
My Left Foot: The Story of Christy Brown,['645180']
Crimes and Misdemeanors,['19000000']
The Untouchables,['25000000']
Hannah and Her Sisters,['6400000']
Brazil,['15000000']
This Is Spinal Tap,['2500000']
A Christmas Story,['0']
The Blues Brothers,['27000000']
Manhattan,['0']
All That Jazz,['0']
Dawn of the Dead,['28000000' '650000']
Dawn of the Dead,['28000000' '650000']
All the President's Men,['8500000']
Amarcord,['0']
"Aguirre, der Zorn Gottes",['92000']
Harold and Maude,['1200000']
Patton,['12000000']
The Wild Bunch,['6244087']
Night of the Living Dead,['114000' '4200000']
Night of the Living Dead,['114000' '4200000']
The Lion in Winter,['0']
In the Heat of the Night,['2000000']
Charade,['4000000']
The Manchurian Candidate,['80000000' '80000000']
The Manchurian Candidate,['80000000' '80000000']
Spartacus,['12000000' '0']
Spartacus,['12000000' '0']
L'avventura,['0']
Hiroshima mon amour,['0']
The Ten Commandments,['13000000' '0']
The Ten Commandments,['13000000' '0']
The Searchers,['3750000']
East of Eden,['1']
High Noon,['730000' '0']
High Noon,['730000' '0']
Strangers on a Train,['1200000']
Harvey,['0' '0']
Harvey,['0' '0']
Miracle on 34th Street,['0' '0']
Miracle on 34th Street,['0' '0']
Notorious,['2000000' '0']
Notorious,['2000000' '0']
The Big Sleep,['0' '0']
The Big Sleep,['0' '0']
The Lost Weekend,['1250000']
The Philadelphia Story,['0']
His Girl Friday,['0']
The Adventures of Robin Hood,['2033000']
A Night at the Opera,['0']
King Kong,['672000' '23000000' '207000000']
King Kong,['672000' '23000000' '207000000']
King Kong,['672000' '23000000' '207000000']
Freaks,['0']
Dunkirk,['0' '100000000']
Dunkirk,['0' '100000000']
Perfetti sconosciuti,['0']
Hidden Figures,['25000000']
Kubo and the Two Strings,['60000000']
Manchester by the Sea,['9000000']
Under sandet,['5070773']
Captain America: Civil War,['250000000']
The Hateful Eight,['44000000']
Little Women,['18000000' '424' '0']
Little Women,['18000000' '424' '0']
Little Women,['18000000' '424' '0']
Pride,['0' '0']
Pride,['0' '0']
Le pass�,['11000000']
La grande bellezza,['12400000']
Vicky Donor,['0']
Big Hero 6,['165000000']
About Time,['12000000']
English Vinglish,['2840000']
La migliore offerta,['13500000']
Moonrise Kingdom,['16000000']
How to Train Your Dragon 2,['145000000']
The Big Short,['28000000']
The Girl with the Dragon Tattoo,['90000000']
Captain Phillips,['55000000']
Straight Outta Compton,['28000000']
The Hobbit: The Desolation of Smaug,['250000000']
M�n som hatar kvinnor,['13000000']
The Fighter,['25000000']
Taken,['25000000' '0']
Taken,['25000000' '0']
The Boy in the Striped Pyjamas,['12500000']
Once,['160000']
The Hobbit: An Unexpected Journey,['250000000']
Auf der anderen Seite,['3800000']
Atonement,['30000000']
Drive,['15000000' '3500000']
Drive,['15000000' '3500000']
American Gangster,['100000000']
Avatar,['237000000']
Mr. Nobody,['47000000']
Apocalypto,['40000000']
Little Miss Sunshine,['8000000']
Hot Fuzz,['12000000']
The Curious Case of Benjamin Button,['150000000']
Veer-Zaara,['7000000']
Adams �bler,['3700000']
Pride & Prejudice,['28000000']
The World's Fastest Indian,['25000000']
Serenity,['39000000']
Walk the Line,['28000000']
Ondskan,['0']
The Notebook,['29000000']
Diarios de motocicleta,['0']
Les triplettes de Belleville,['8000000']
The Count of Monte Cristo,['35000000' '0']
The Count of Monte Cristo,['35000000' '0']
Waking Life,['0']
Remember the Titans,['30000000']
Todo sobre mi madre,['8272296']
Cast Away,['90000000']
The Boondock Saints,['6000000']
The Insider,['90000000']
October Sky,['0']
Shrek,['60000000']
Titanic,['200000000' '1805000' '13000000']
Titanic,['200000000' '1805000' '13000000']
Titanic,['200000000' '1805000' '13000000']
Gattaca,['36000000']
The Game,['50000000']
Breaking the Waves,['0']
Ed Wood,['18000000']
What's Eating Gilbert Grape,['11000000']
Tombstone,['25000000']
The Sandlot,['0']
The Remains of the Day,['11500000']
Naked,['0' '0']
Naked,['0' '0']
The Fugitive,['44000000' '0']
The Fugitive,['44000000' '0']
A Bronx Tale,['22000000']
Batman: Mask of the Phantasm,['6000000']
Night on Earth,['3500000']
La double vie de V�ronique,['0']
Boyz n the Hood,['6500000']
Misery,['20000000']
Awakenings,['0']
Glory,['18000000']
Back to the Future Part II,['40000000']
Mississippi Burning,['15000000']
Predator,['18000000']
Evil Dead II,['3600000']
Ferris Bueller's Day Off,['6000000']
Down by Law,['0']
The Goonies,['19000000']
The Color Purple,['15000000']
The Breakfast Club,['1000000']
The Killing Fields,['14400000']
Ghostbusters,['30000000' '144000000']
Ghostbusters,['30000000' '144000000']
The Right Stuff,['27000000']
The King of Comedy,['20000000']
E.T. the Extra-Terrestrial,['10500000']
Kramer vs. Kramer,['8000000']
Days of Heaven,['0']
The Outlaw Josey Wales,['3700000']
The Man Who Would Be King,['0']
The Conversation,['1600000']
La plan�te sauvage,['0']
The Day of the Jackal,['0']
Badlands,['0']
Cabaret,['6000000']
Willy Wonka & the Chocolate Factory,['3000000']
Midnight Cowboy,['3600000']
Wait Until Dark,['4000000']
Guess Who's Coming to Dinner,['4000000']
Bonnie and Clyde,['2500000']
My Fair Lady,['17000000']
Mary Poppins,['6000000']
The Longest Day,['10000000']
Jules et Jim,['0']
The Innocents,['0']
� bout de souffle,['0']
Red River,['3000000']
Key Largo,['0']
To Have and Have Not,['0']
Shadow of a Doubt,['0']
Stagecoach,['531374' '0']
Stagecoach,['531374' '0']
The Lady Vanishes,['0' '0' '0']
The Lady Vanishes,['0' '0' '0']
The Lady Vanishes,['0' '0' '0']
Bringing Up Baby,['1073000']
Bride of Frankenstein,['393750']
Duck Soup,['0']
Frankenstein,['45000000' '291000' '0' '0' '0' '0']
Frankenstein,['45000000' '291000' '0' '0' '0' '0']
Frankenstein,['45000000' '291000' '0' '0' '0' '0']
Frankenstein,['45000000' '291000' '0' '0' '0' '0']
Frankenstein,['45000000' '291000' '0' '0' '0' '0']
Frankenstein,['45000000' '291000' '0' '0' '0' '0']
Roma,['0' '2763806']
Roma,['0' '2763806']
God's Own Country,['0']
Wind River,['11000000']
Get Out,['5000000' '0']
Get Out,['5000000' '0']
En man som heter Ove,['0']
What We Do in the Shadows,['0']
The Theory of Everything,['0' '15000000']
The Theory of Everything,['0' '15000000']
Kingsman: The Secret Service,['81000000']
The Fault in Our Stars,['12000000']
Me and Earl and the Dying Girl,['0']
The Broken Circle Breakdown,['0']
Captain America: The Winter Soldier,['170000000']
Rockstar,['10920000']
Nebraska,['12000000']
Wreck-It Ralph,['165000000']
Detachment,['0']
Midnight in Paris,['30000000']
The Lego Movie,['60000000']
Gravity,['105000000']
Star Trek Into Darkness,['190000000']
Beasts of No Nation,['6000000']
The Social Network,['40000000']
The Hangover,['35000000']
Skyfall,['200000000']
Silver Linings Playbook,['21000000']
Argo,['44500000']
(500) Days of Summer,['7500000']
Harry Potter and the Deathly Hallows: Part 1,['250000000']
Frost/Nixon,['0']
Changeling,['55000000']
Flipped,['14000000']
This Is England,['2380000']
Ex Machina,['15000000']
Efter brylluppet,['0']
The Last King of Scotland,['6000000']
Zodiac,['65000000' '0']
Zodiac,['65000000' '0']
Lucky Number Slevin,['27000000']
Joyeux No�l,['22000000']
Control,['6800000' '0']
Control,['6800000' '0']
Tangled,['260000000' '0']
Tangled,['260000000' '0']
Zwartboek,['21000000']
Brokeback Mountain,['14000000']
3:10 to Yuma,['0' '55000000']
3:10 to Yuma,['0' '55000000']
Crash,['10000000' '6500000']
Crash,['10000000' '6500000']
The Bourne Supremacy,['75000000']
The Machinist,['5000000']
Ray,['40000000']
Lost in Translation,['4000000']
Harry Potter and the Goblet of Fire,['150000000']
Man on Fire,['70000000' '0']
Man on Fire,['70000000' '0']
Coraline,['60000000']
The Last Samurai,['140000000']
The Magdalene Sisters,['0']
In America,['0']
I Am Sam,['22000000']
Adaptation.,['19000000']
Black Hawk Down,['92000000']
Road to Perdition,['80000000']
Das Experiment,['0']
Billy Elliot,['5000000']
Hedwig and the Angry Inch,['0']
Ocean's Eleven,['0' '85000000']
Ocean's Eleven,['0' '85000000']
"O Brother, Where Art Thou?",['26000000']
"South Park: Bigger, Longer & Uncut",['21000000']
Office Space,['10000000']
Happiness,['3000000' '0']
Happiness,['3000000' '0']
Training Day,['45000000']
Rushmore,['9000000']
Abre los ojos,['2900000']
Being John Malkovich,['13000000']
As Good as It Gets,['50000000']
The Fifth Element,['90000000']
Donnie Brasco,['35000000']
Shine,['0']
Primal Fear,['30000000']
Hamlet,['0' '750000' '2000000' '0' '0' '0' '0' '0']
Hamlet,['0' '750000' '2000000' '0' '0' '0' '0' '0']
Hamlet,['0' '750000' '2000000' '0' '0' '0' '0' '0']
Hamlet,['0' '750000' '2000000' '0' '0' '0' '0' '0']
Hamlet,['0' '750000' '2000000' '0' '0' '0' '0' '0']
Hamlet,['0' '750000' '2000000' '0' '0' '0' '0' '0']
Hamlet,['0' '750000' '2000000' '0' '0' '0' '0' '0']
Hamlet,['0' '750000' '2000000' '0' '0' '0' '0' '0']
A Little Princess,['17000000' '0']
A Little Princess,['17000000' '0']
Il postino,['0']
Clerks,['27000']
Short Cuts,['0']
Philadelphia,['26000000']
The Muppet Christmas Carol,['0']
Malcolm X,['34000000' '0']
Malcolm X,['34000000' '0']
The Last of the Mohicans,['40000000' '0' '0']
The Last of the Mohicans,['40000000' '0' '0']
The Last of the Mohicans,['40000000' '0' '0']
Glengarry Glen Ross,['12500000']
A Few Good Men,['40000000']
Fried Green Tomatoes,['11000000']
Barton Fink,['9000000']
Miller's Crossing,['14000000']
Who Framed Roger Rabbit,['70000000']
Spoorloos,['0']
Withnail & I,['0']
The Last Emperor,['23000000']
Empire of the Sun,['35000000']
Blue Velvet,['6000000']
The Purple Rose of Cairo,['15000000']
After Hours,['4500000']
Zelig,['0']
The Verdict,['16000000' '0']
The Verdict,['16000000' '0']
Star Trek II: The Wrath of Khan,['12000000']
First Blood,['15000000']
Ordinary People,['6000000']
Airplane!,['3500000']
Rupan sansei: Kariosutoro no shiro,['0']
Halloween,['300000' '15000000' '0']
Halloween,['300000' '15000000' '0']
Halloween,['300000' '15000000' '0']
Le locataire,['0']
Love and Death,['3000000']
The Taking of Pelham One Two Three,['0']
Blazing Saddles,['2600000']
Serpico,['3000000']
Enter the Dragon,['850000']
Deliverance,['2000000']
The French Connection,['1800000']
Dirty Harry,['4000000']
Where Eagles Dare,['7700000']
The Odd Couple,['0']
The Dirty Dozen,['5400000']
Belle de jour,['0']
A Man for All Seasons,['3900000']
Repulsion,['300000']
Zulu,['3500000' '16000000']
Zulu,['3500000' '16000000']
Goldfinger,['2500000']
The Birds,['2500000']
Cape Fear,['35000000' '0']
Cape Fear,['35000000' '0']
Peeping Tom,['150000']
The Magnificent Seven,['2000000' '90000000']
The Magnificent Seven,['2000000' '90000000']
Invasion of the Body Snatchers,['417000' '3500000']
Invasion of the Body Snatchers,['417000' '3500000']
Rebel Without a Cause,['1500000']
The Ladykillers,['0' '0']
The Ladykillers,['0' '0']
Sabrina,['58000000' '2238813']
Sabrina,['58000000' '2238813']
The Quiet Man,['0']
The Day the Earth Stood Still,['1200000' '80000000']
The Day the Earth Stood Still,['1200000' '80000000']
The African Queen,['1300000']
Gilda,['0']
Fantasia,['2280000']
The Invisible Man,['328000']
Gifted,['7000000']
Victoria,['0' '0']
Victoria,['0' '0']
Mustang,['1300000']
Guardians of the Galaxy Vol. 2,['200000000']
Baby Driver,['34000000']
Bridge of Spies,['40000000']
Moana,['0' '150000000']
Moana,['0' '150000000']
Sicario,['30000000' '0']
Sicario,['30000000' '0']
Creed,['37000000']
Hell or High Water,['12000000']
Philomena,['12000000']
Dawn of the Planet of the Apes,['170000000']
El cuerpo,['0']
Serbuan maut,['1100000']
End of Watch,['7000000']
A Star Is Born,['0' '5019770' '6000000']
A Star Is Born,['0' '5019770' '6000000']
A Star Is Born,['0' '5019770' '6000000']
True Grit,['0' '38000000']
True Grit,['0' '38000000']
H�vnen,['15000000']
Despicable Me,['69000000']
50/50,['8000000']
Kick-Ass,['28000000']
Celda 211,['5700000']
Moneyball,['50000000']
La piel que habito,['13000000']
Zombieland,['23600000']
Die Welle,['7500000']
Sherlock Holmes,['90000000' '1000000' '0' '0']
Sherlock Holmes,['90000000' '1000000' '0' '0']
Sherlock Holmes,['90000000' '1000000' '0' '0']
Sherlock Holmes,['90000000' '1000000' '0' '0']
The Blind Side,['29000000']
The Visitor,['0']
Seven Pounds,['55000000']
Eastern Promises,['51500000']
Stardust,['70000000' '0']
Stardust,['70000000' '0']
The Secret of Kells,['0']
Inside Man,['45000000']
Gone Baby Gone,['19000000']
The Illusionist,['40000000']
Dead Man's Shoes,['0']
Harry Potter and the Half-Blood Prince,['250000000']
300,['65000000']
Match Point,['15000000']
Watchmen,['130000000']
Lord of War,['42000000']
Saw,['1200000' '0']
Saw,['1200000' '0']
"Synecdoche, New York",['21000000']
Mysterious Skin,['0']
Jeux d'enfants,['0']
Un long dimanche de fian�ailles,['47000000']
The Station Agent,['500000']
21 Grams,['20000000']
Finding Neverland,['25000000']
25th Hour,['15000000']
The Butterfly Effect,['13000000']
The Royal Tenenbaums,['21000000']
Y tu mam� tambi�n,['5000000']
The Others,['0']
Blow,['53000000']
Enemy at the Gates,['68000000']
Minority Report,['102000000']
The Hurricane,['50000000' '2000000']
The Hurricane,['50000000' '2000000']
American Psycho,['7000000']
Lola rennt,['1530000']
The Thin Red Line,['52000000']
Mulan,['90000000']
Fear and Loathing in Las Vegas,['18500000']
Funny Games,['0' '15000000']
Funny Games,['0' '15000000']
Dark City,['27000000' '0']
Dark City,['27000000' '0']
Sleepers,['44000000']
Lost Highway,['15000000']
Sense and Sensibility,['16500000' '0' '0' '0']
Sense and Sensibility,['16500000' '0' '0' '0']
Sense and Sensibility,['16500000' '0' '0' '0']
Sense and Sensibility,['16500000' '0' '0' '0']
Die Hard: With a Vengeance,['90000000']
Dead Man,['9000000']
The Bridges of Madison County,['24000000']
Apollo 13,['52000000']
Falling Down,['25000000']
Dazed and Confused,['6900000']
My Cousin Vinny,['11000000']
Delicatessen,['4000000']
Home Alone,['18000000']
The Godfather: Part III,['54000000']
When Harry Met Sally...,['16000000']
The Little Mermaid,['40000000']
The Naked Gun: From the Files of Police Squad!,['12000000']
Lethal Weapon,['15000000']
Blood Simple,['1500000']
On Golden Pond,['0']
Mad Max 2,['2000000']
The Warriors,['4000000']
The Muppet Movie,['0']
Escape from Alcatraz,['8000000']
Watership Down,['1000000']
Midnight Express,['2300000']
Close Encounters of the Third Kind,['20000000']
The Long Goodbye,['0']
Gi� la testa,['0']
Kelly's Heroes,['4000000']
The Jungle Book,['0' '4000000' '175000000']
The Jungle Book,['0' '4000000' '175000000']
The Jungle Book,['0' '4000000' '175000000']
A Hard Day's Night,['560000']
Breakfast at Tiffany's,['2500000']
Giant,['5400000']
From Here to Eternity,['1650000']
Lifeboat,['1590000']
The 39 Steps,['0' '0' '0']
The 39 Steps,['0' '0' '0']
The 39 Steps,['0' '0' '0']
